field,index,display
title,true,true
date,true,true
creator,true,false
description,true,true
subject,true,true
location,true,false
identifier,true,false
object_location,true,false
item_information,true,false
publisher-digital,true,false
source,true,false
type,true,false
format,true,false
language,true,false
relation,true,false
horizon,true,false
landscape,true,false
slope,true,false
slopeshape,true,false
parentmaterial,true,false
diagnostic,true,false
microstructure,true,false
intrapedal_structure,true,false
related_distribution_pattern,true,false
coarse_minerals,true,false
coarse_organic,true,false
b-fabric,true,false
pedofeatures,true,false
