objectid,collectionid,profileid,parentid,display_template,sequence,title,date,date-is-approximate?,map_marker,creator,recipient,description,item_information,subject,location,latitude,longitude,elevation (ft),Depth (cm),Publication? (y/n),related_publication,publisher-digital,source,findingaid,original-identifier,rights,rightsstatement,type,format,language,relation,display_template,object_location,identifier,image_small,image_thumb,horizon,landscape,slope,slopeshape,parentmaterial,diagnostic,field features,field structure,microstructure,intrapedal_structure,related_distribution_pattern,coarse_minerals,coarse_organic,b-fabric,pedofeatures
psychiana001,,,,,,"Psychiana, A Mail Order Religion Created in the Small Town of Moscow, Idaho",2019-08-28,,,Northwest Public Broadcasting,,"Short video describing Psychiana, a mail order religion that preached the New Thought Movement. In 1928, Dr. Frank B. Robinson created Psychiana in Moscow, Idaho.",youtube video,Religion; Frank B. Robinson,,,,,,,,Northwest Public Broadcasting,Northwest Public Broadcasting,,,"Educational use includes non-commercial use of text and images in materials for teaching and research purposes. Digital reproduction permissions granted by University of Idaho Library Special Collections and Archives Department. For other uses beyond free use, please contact University of Idaho Library Special Collections and Archives Department at libspec@uidaho.edu.",https://rightsstatements.org/vocab/InC-EDU/1.0/,Audio,video/mpeg,eng,,video,https://youtu.be/x6eu5wj8b04,,https://img.youtube.com/vi/x6eu5wj8b04/hqdefault.jpg,https://img.youtube.com/vi/x6eu5wj8b04/mqdefault.jpg,,,,,,,,,,,,,,,
stpr_m1,stpr1,,,,,STPR TX-NM Manuscript,,,,,,not yet available,manuscript,,,,,,,,,,,,,,,,,,,,,,,,,,,,,,,,,,,,,,
stpr_m2,stpr2,,,,,STPR IA Manuscript,,,,,,not yet available,manuscript,,,,,,,,,,,,,,,,,,,,,,,,,,,,,,,,,,,,,,
stpr_m3,stpr3,,,,,STPR KS Manuscript,,,,,,not yet available,manuscript,,,,,,,,,,,,,,,,,,,,,,,,,,,,,,,,,,,,,,
stpr_profile01,stpr1,,,,,Reese Center,6/16/2025,no,TRUE,,,,,,"Lubbock, TX",33.61536,-102.03869,3330,,,,,,,,,,,,,,,,,,,,,,,,,,,,,,,,,
stpr_rc1,stpr1,stpr_profile01, ,compound,0,Reese Center Horizon 1,6/16/2025,no,,"Iowa State University, Texas Tech University, Wagner Petrographic",,,,,"Lubbock, TX",33.61536,-102.03869,3330,0-13,,,,,,,,,,,,,,,,,,Ap,Upland Plain,1%,"linear, linear",fine-loamy Eolian Deposits,TBD,insect casts,SBK; GR; PL,SBK,channel;spongy,close porphyric; chitogefuric,quartz; chert; feldspar; opaques; muscovite,root organ residues; humified tissue residues,stipple speckled; granostriated,organoargillans;dusty clay  coatings; excrement infilling; oxide/hydroxide nodules
stpr_rc1_01,stpr1,,stpr_rc1,child,1,PPL image,,,,,,,,,,,,,,,,,,,,,,Image,,,,Image,,,,,,,,,,,,,,,,,,,
stpr_rc1_02,stpr1,,stpr_rc1,child,2,XPL image,,,,,,,,,,,,,,,,,,,,,,Image,,,,Image,,,,,,,,,,,,,,,,,,,
stpr_rc1_03,stpr1,,stpr_rc1,child,3,Thin-section description,,,,,,,,,,,,,,,,,,,,,,,,,,,,,,,,,,,,,,,,,,,,,
stpr_rc2,stpr1,stpr_profile01,,compound,0,Reese Center Horizon 2,6/16/2025,no,,"Iowa State University, Texas Tech University, Wagner Petrographic",,,,,"Lubbock, TX",33.61536,-102.03869,3330,13-48,,,,,,,,,,,,,,,,,,Bt1,Upland Plain,1%,"linear, linear",fine-loamy Eolian Deposits,TBD,organoargillans;fecal pellets,SBK,SBK,spongy;crumb,single spaced porphyric; close porphyric; gefuric,quartz; chert; feldspar;mica; opaques;pyroxene,root organ residues;cellulose residues;humified tissue residues;pollen ,granoporostriated,micritic carbonate mass; organic infilling; sand lense; limpid clay coating; dusty clay coating; mixed oxide/hydroxide nodules
stpr_rc2_01,stpr1,,stpr_rc2,child,1,PPL image,,,,,,,,,,,,,,,,,,,,,,Image,,,,Image,,,,,,,,,,,,,,,,,,,
stpr_rc2_02,stpr1,,stpr_rc2,child,2,XPL image,,,,,,,,,,,,,,,,,,,,,,Image,,,,Image,,,,,,,,,,,,,,,,,,,
stpr_rc2_03,stpr1,,stpr_rc2,child,3,Thin-section description,,,,,,,,,,,,,,,,,,,,,,,,,,,,,,,,,,,,,,,,,,,,,
stpr_rc3,stpr1,stpr_profile01,,compound,0,Reese Center Horizon 3,6/16/2025,no,,"Iowa State University, Texas Tech University, Wagner Petrographic",,,,,"Lubbock, TX",33.61536,-102.03869,3330,48-85,,,,,,,,,,,,,,,,,,Bt2,Upland Plain,1%,"linear, linear",fine-loamy Eolian Deposits,TBD,clay films;insect casts,PR,SBK,spongy;vughy;crumb,close porphyric; close fine enaulic,quartz; feldspar; chert; pyroxene; hornblende; muscovite; opaques,root organ residues; tissue residues; pollen,granoporostriated; stipple speckled; mosaic speckled,impregnative oxide/hydroxide masses; mixed oxide/hydroxide nodules; dusty clay coatings; excrement infilling
stpr_rc3_01,stpr1,,stpr_rc3,child,1,PPL image,,,,,,,,,,,,,,,,,,,,,,Image,,,,Image,,,,,,,,,,,,,,,,,,,
stpr_rc3_02,stpr1,,stpr_rc3,child,2,XPL image,,,,,,,,,,,,,,,,,,,,,,Image,,,,Image,,,,,,,,,,,,,,,,,,,
stpr_rc3_03,stpr1,,stpr_rc3,child,3,Thin-section description,,,,,,,,,,,,,,,,,,,,,,,,,,,,,,,,,,,,,,,,,,,,,
stpr_rc4,stpr1,stpr_profile01,,compound,0,Reese Center Horizon 4,6/16/2025,no,,"Iowa State University, Texas Tech University, Wagner Petrographic",,,,,"Lubbock, TX",33.61536,-102.03869,3330,85-110,,,,,,,,,,,,,,,,,,Bt3,Upland Plain,1%,"linear, linear",fine-loamy Eolian Deposits,TBD,clay films;fecal pellets,PR,SBK,vughy;chamber,single spaced porphyric; close porphyric ,quartz; feldspar;chert; pyroxene; muscovite; opaques,root organ residues; tissue residues; cell residues,granoporostriated; stipple speckled; mosaic speckled,Intercalations; microlaminated clay coatings; dusty clay coatings; limpid clay coatings; impregnative oxide/hydroxide masses
stpr_rc4_01,stpr1,,stpr_rc4,child,1,PPL image,,,,,,,,,,,,,,,,,,,,,,Image,,,,Image,,,,,,,,,,,,,,,,,,,
stpr_rc4_02,stpr1,,stpr_rc4,child,2,XPL image,,,,,,,,,,,,,,,,,,,,,,Image,,,,Image,,,,,,,,,,,,,,,,,,,
stpr_rc4_03,stpr1,,stpr_rc4,child,3,Thin-section description,,,,,,,,,,,,,,,,,,,,,,,,,,,,,,,,,,,,,,,,,,,,,
stpr_profile02,stpr1,,,,,Levelland,6/20/2025,no,TRUE,,,,,,"Levelland, TX",33.55125,-102.37392,3510,,,,,,,,,,,,,,,,,,,,,,,,,,,,,,,,,
stpr_lvl1,stpr1,stpr_profile02,,compound,0,Levelland Horizon 1,6/20/2025,no,,"Iowa State University, Texas Tech University, Wagner Petrographic",,,,,"Levelland, TX",33.55125,-102.37392,3510,0-39,,,,,,,,,,,,,,,,,,A,Upland Plain,1%,"linear, linear",fine-loamy Eolian Deposits,TBD,fecal pellets; carbonate nodules,SBK; GR,SBK,spongy; pellicular grain,close porphyric; chitogefuric,quartz; feldspar; chert; opaques; muscovite; pyroxene,root organ residues; tissue residues; humified residues,stipple speckled; granoporostriated,infilling of fecal pellets (large); infilling of fecal pellets (small); intercalations; goethite mass; limpid clay coatings
stpr_lvl1_01,stpr1,,stpr_lvl1,child,1,PPL image,,,,,,,,,,,,,,,,,,,,,,Image,,,,Image,,,,,,,,,,,,,,,,,,,
stpr_lvl1_02,stpr1,,stpr_lvl1,child,2,XPL image,,,,,,,,,,,,,,,,,,,,,,Image,,,,Image,,,,,,,,,,,,,,,,,,,
stpr_lvl1_03,stpr1,,stpr_lvl1,child,3,Thin-section description,,,,,,,,,,,,,,,,,,,,,,,,,,,,,,,,,,,,,,,,,,,,,
stpr_lvl2,stpr1,stpr_profile02,,compound,0,Levelland Horizon 2,6/20/2025,no,,"Iowa State University, Texas Tech University, Wagner Petrographic",,,,,"Levelland, TX",33.55125,-102.37392,3510,39-53,,,,,,,,,,,,,,,,,,Bw,Upland Plain,1%,"linear, linear",fine-loamy Eolian Deposits,TBD,fecal pellets,SBK,SBK,spongy; channel,single spaced porphyric; close porphyric,quartz; chert; feldspar; opaques; mica; pyroxene,phytoliths; root organ residues; degraded tissue residues; humified residues,mosaic speckled; granostriated,infilling of fecal pellets (large); infilling of fecal pellets (small); orthic oxide/hydroxide nodules; disorthic oxide/hydroxide nodules
stpr_lvl2_01,stpr1,,stpr_lvl2,child,1,PPL image,,,,,,,,,,,,,,,,,,,,,,Image,,,,Image,,,,,,,,,,,,,,,,,,,
stpr_lvl2_02,stpr1,,stpr_lvl2,child,2,XPL image,,,,,,,,,,,,,,,,,,,,,,Image,,,,Image,,,,,,,,,,,,,,,,,,,
stpr_lvl2_03,stpr1,,stpr_lvl2,child,3,Thin-section description,,,,,,,,,,,,,,,,,,,,,,,,,,,,,,,,,,,,,,,,,,,,,
stpr_lvl3,stpr1,stpr_profile02,,compound,0,Levelland Horizon 3,6/20/2025,no,,"Iowa State University, Texas Tech University, Wagner Petrographic",,,,,"Levelland, TX",33.55125,-102.37392,3510,53-84,,,,,,,,,,,,,,,,,,Btk1,Upland Plain,1%,"linear, linear",fine-loamy Eolian Deposits,TBD,carbonate coatings; carbonate nodules; iron-manganese nodules; iron depletions; clay films,PR,SBK,spongy; channel; crumb,single spaced porphyric; double spaced porphyric,quartz; feldspar; chert; pyroxene; biotite,root organ residues; tissue residues; phytoliths; humified residues,stipple speckled; granoporostriated,infilling of fecal pellets (large); clay coatings; disorthic oxide/hydroxide nodules; weakly impregnated orthic iron nodules; anorthic fine hematite nodules
stpr_lvl3_01,stpr1,,stpr_lvl3,child,1,PPL image,,,,,,,,,,,,,,,,,,,,,,Image,,,,Image,,,,,,,,,,,,,,,,,,,
stpr_lvl3_02,stpr1,,stpr_lvl3,child,2,XPL image,,,,,,,,,,,,,,,,,,,,,,Image,,,,Image,,,,,,,,,,,,,,,,,,,
stpr_lvl3_03,stpr1,,stpr_lvl3,child,3,Thin-section description,,,,,,,,,,,,,,,,,,,,,,,,,,,,,,,,,,,,,,,,,,,,,
stpr_lvl4,stpr1,stpr_profile02,,compound,0,Levelland Horizon 4,6/20/2025,no,,"Iowa State University, Texas Tech University, Wagner Petrographic",,,,,"Levelland, TX",33.55125,-102.37392,3510,84-117,,,,,,,,,,,,,,,,,,Btk2,Upland Plain,1%,"linear, linear",fine-loamy Eolian Deposits,TBD,carbonate coatings; iron-manganese masses; clay films,SBK,SBK,spongy; channel; crumb,close porphyric; single spaced porphyric,quartz; feldspar; chert; mica; pyroxene,root organ residues; tissue residues; phytoliths; humified residues,porogranostriated; mosaic speckled,dense incomplete infilling of organic residues; clay coatings; micritic carbonate masses; infilling of fecal pellets (large); disorthic oxide/hydroxide nodules; weakly impregnated orthic iron nodules; anorthic fine hematite nodules
stpr_lvl4_01,stpr1,,stpr_lvl4,child,1,PPL image,,,,,,,,,,,,,,,,,,,,,,Image,,,,Image,,,,,,,,,,,,,,,,,,,
stpr_lvl4_02,stpr1,,stpr_lvl4,child,2,XPL image,,,,,,,,,,,,,,,,,,,,,,Image,,,,Image,,,,,,,,,,,,,,,,,,,
stpr_lvl4_03,stpr1,,stpr_lvl4,child,3,Thin-section description,,,,,,,,,,,,,,,,,,,,,,,,,,,,,,,,,,,,,,,,,,,,,
stpr_profile03,stpr1,,,,,Lehman,6/25/2025,no,TRUE,,,,,,"Lehman, TX",33.62647,-102.7453,3760,,,,,,,,,,,,,,,,,,,,,,,,,,,,,,,,,
stpr_leh1,stpr1,stpr_profile03,,compound,0,Lehman Horizion 1,6/25/2025,no,,"Iowa State University, Texas Tech University, Wagner Petrographic",,,,,"Lehman, TX",33.62647,-102.7453,3760,0-23,,,,,,,,,,,,,,,,,,A,Upland Plain,1%,"linear, linear",fine-loamy Eolian Deposits,TBD,fecal pellets; carbonate nodules,SBK; PL,PL,vughy; channel,close porphyric; single spaced fine enaulic,quartz; feldspar; chert; mica; opaques; pyroxene,root organ residues; tissue rsidues; charcoal fragments; humified residues,stipple speckled; granostriated,carbonate masses; infilling of fecal pellets (small); mixed oxide/hydroxide nodules
stpr_leh1_01,stpr1,,stpr_leh1,child,1,PPL image,,,,,,,,,,,,,,,,,,,,,,Image,,,,Image,,,,,,,,,,,,,,,,,,,
stpr_leh1_02,stpr1,,stpr_leh1,child,2,XPL image,,,,,,,,,,,,,,,,,,,,,,Image,,,,Image,,,,,,,,,,,,,,,,,,,
stpr_leh1_03,stpr1,,stpr_leh1,child,3,Thin-section description,,,,,,,,,,,,,,,,,,,,,,,,,,,,,,,,,,,,,,,,,,,,,
stpr_leh2,stpr1,stpr_profile03,,compound,0,Lehman Horizon 2,6/25/2025,no,,"Iowa State University, Texas Tech University, Wagner Petrographic",,,,,"Lehman, TX",33.62647,-102.7453,3760,23-48,,,,,,,,,,,,,,,,,,Btk1,Upland Plain,1%,"linear, linear",fine-loamy Eolian Deposits,TBD,finely disseminated carbonates; fecal pellets; carbonate nodules; clay films,SBK,Apedal; Basic,intergrain microaggregate; channel,chitogefuric; close porphyric,quartz; feldspar; chert; mica; opaques; pyroxene,root organ residues; tissue residues; humified residues,crystallitic; granostriated,carbonate hypocoatings; carbonade nodules; infilling of fecal pellets (large); infilling of fecal pellets (small); anorthic goethite nodules
stpr_leh2_01,stpr1,,stpr_leh2,child,1,PPL image,,,,,,,,,,,,,,,,,,,,,,Image,,,,Image,,,,,,,,,,,,,,,,,,,
stpr_leh2_02,stpr1,,stpr_leh2,child,2,XPL image,,,,,,,,,,,,,,,,,,,,,,Image,,,,Image,,,,,,,,,,,,,,,,,,,
stpr_leh2_03,stpr1,,stpr_leh2,child,3,Thin-section description,,,,,,,,,,,,,,,,,,,,,,,,,,,,,,,,,,,,,,,,,,,,,
stpr_leh3,stpr1,stpr_profile03,,compound,0,Lehman Horizon 3,6/25/2025,no,,"Iowa State University, Texas Tech University, Wagner Petrographic",,,,,"Lehman, TX",33.62647,-102.7453,3760,48-72,,,,,,,,,,,,,,,,,,Btk2,Upland Plain,1%,"linear, linear",fine-loamy Eolian Deposits,TBD,finely disseminated carbonates; fecal pellets; carbonate nodules; clay films,SBK,Apedal; Basic,intergrain microaggragate; spongy,enaulic; gefuric; close porphyric,quartz; feldspar; chert; mica; opaques; hornblende,root organ residues; tissue residues; humified residues,crystallitic; granostriated,infilling of fecal pellets (large); infilling of fecal pellets (small); carbonate hypocoatings; carbonate nodules; carbonate masses; carbonate pendants; anorthic goethite nodules; anorthic fine hematite nodules
stpr_leh3_01,stpr1,,stpr_leh3,child,1,PPL image,,,,,,,,,,,,,,,,,,,,,,Image,,,,Image,,,,,,,,,,,,,,,,,,,
stpr_leh3_02,stpr1,,stpr_leh3,child,2,XPL image,,,,,,,,,,,,,,,,,,,,,,Image,,,,Image,,,,,,,,,,,,,,,,,,,
stpr_leh3_03,stpr1,,stpr_leh3,child,3,Thin-section description,,,,,,,,,,,,,,,,,,,,,,,,,,,,,,,,,,,,,,,,,,,,,
stpr_leh4,stpr1,stpr_profile03,,compound,0,Lehman Horizion 4,6/25/2025,no,,"Iowa State University, Texas Tech University, Wagner Petrographic",,,,,"Lehman, TX",33.62647,-102.7453,3760,72-97,,,,,,,,,,,,,,,,,,Btk3,Upland Plain,1%,"linear, linear",fine-loamy Eolian Deposits,TBD,finely disseminated carbonates; fecal pellets; carbonate nodules; clay films; carbonate coats,PR,SBK,vughy; intergrain microaggregate,close porphyric; enaulic,quartz; feldspar; chert; mica; opaques; pyroxene,root organ residues; tissue residues; humified residues,crystallitic; granostriated,infilling of fecal pellets (large); infilling of fecal pellets (small); carbonate nodules; carbonate masses; anorthic goethite nodules
stpr_leh4_01,stpr1,,stpr_leh4,child,1,PPL image,,,,,,,,,,,,,,,,,,,,,,Image,,,,Image,,,,,,,,,,,,,,,,,,,
stpr_leh4_02,stpr1,,stpr_leh4,child,2,XPL image,,,,,,,,,,,,,,,,,,,,,,Image,,,,Image,,,,,,,,,,,,,,,,,,,
stpr_leh4_03,stpr1,,stpr_leh4,child,3,Thin-section description,,,,,,,,,,,,,,,,,,,,,,,,,,,,,,,,,,,,,,,,,,,,,
stpr_profile04,stpr1,,,,,Crossroads,8/10/2025,yes,TRUE,,,,,,"Crossroads, NM",33.53513,-103.242,4055,,,,,,,,,,,,,,,,,,,,,,,,,,,,,,,,,
stpr_cr1,stpr1,stpr_profile04,,compound,0,Crossroads Horizion 1,8/10/2025,yes,,"Iowa State University, Texas Tech University, Wagner Petrographic",,,,,"Crossroads, NM",33.53513,-103.242,4055,0-5,,,,,,,,,,,,,,,,,,Ap,Upland Plain,1%,"linear, convex",fine-loamy Eolian Deposits,TBD,root sheaths,PL,SBK,intergrain channel,coarse monic; chitoenaulic,quartz; chert; feldspar; opaques; hornblende; biotite,root organ residues; tissue residues; humified residues,stipple speckled,mixed oxide/hydroxide nodules; anorthic goethite nodules; anorthic fine hematite nodules
stpr_cr1_01,stpr1,,stpr_cr1,child,1,PPL image,,,,,,,,,,,,,,,,,,,,,,Image,,,,Image,,,,,,,,,,,,,,,,,,,
stpr_cr1_02,stpr1,,stpr_cr1,child,2,XPL image,,,,,,,,,,,,,,,,,,,,,,Image,,,,Image,,,,,,,,,,,,,,,,,,,
stpr_cr1_03,stpr1,,stpr_cr1,child,3,Thin-section description,,,,,,,,,,,,,,,,,,,,,,,,,,,,,,,,,,,,,,,,,,,,,
stpr_cr2,stpr1,stpr_profile04,,compound,0,Crossroads Horizion 2,8/10/2025,yes,,"Iowa State University, Texas Tech University, Wagner Petrographic",,,,,"Crossroads, NM",33.53513,-103.242,4055,5-32,,,,,,,,,,,,,,,,,,Bw,Upland Plain,1%,"linear, convex",fine-loamy Eolian Deposits,TBD,organoargillans; ferriargillans,PR,SBK,compact grain,coarse monic; chitogefuric,quartz; chert; feeldspar; opaques; pyroxene; mica,phytoliths; root organ residues; tissue residues; humified residues,stipple speckled; granostriated,infilling of fecal pellets (small); mixed oxide/hydroxide nodules; anorthic fine hematite nodules; anorthic goethite nodules
stpr_cr2_01,stpr1,,stpr_cr2,child,1,PPL image,,,,,,,,,,,,,,,,,,,,,,Image,,,,Image,,,,,,,,,,,,,,,,,,,
stpr_cr2_02,stpr1,,stpr_cr2,child,2,XPL image,,,,,,,,,,,,,,,,,,,,,,Image,,,,Image,,,,,,,,,,,,,,,,,,,
stpr_cr2_03,stpr1,,stpr_cr2,child,3,Thin-section description,,,,,,,,,,,,,,,,,,,,,,,,,,,,,,,,,,,,,,,,,,,,,
stpr_cr3,stpr1,stpr_profile04,,compound,0,Crossroads Horizion 3,8/10/2025,yes,,"Iowa State University, Texas Tech University, Wagner Petrographic",,,,,"Crossroads, NM",33.53513,-103.242,4055,32-49,,,,,,,,,,,,,,,,,,Bt1,Upland Plain,1%,"linear, convex",fine-loamy Eolian Deposits,TBD,ferriargillans; organoargillans; clay films; root sheaths; fecal pellets,PR,Apedal,channel; spongy,chitogefuric; close porphyric,quartz; chert; feldspar; opaques; biotite; pyroxene; microlitic lithic fragments,root organ residues; tissue residues; humified residues,granoporostriated; mosaic speckled,infilling of fecal pellets (small); mixed oxide/hydroxide fecal pellets; dusty clay coatings; fine goethite nodules
stpr_cr3_01,stpr1,,stpr_cr3,child,1,PPL image,,,,,,,,,,,,,,,,,,,,,,Image,,,,Image,,,,,,,,,,,,,,,,,,,
stpr_cr3_02,stpr1,,stpr_cr3,child,2,XPL image,,,,,,,,,,,,,,,,,,,,,,Image,,,,Image,,,,,,,,,,,,,,,,,,,
stpr_cr3_03,stpr1,,stpr_cr3,child,3,Thin-section description,,,,,,,,,,,,,,,,,,,,,,,,,,,,,,,,,,,,,,,,,,,,,
stpr_cr4,stpr1,stpr_profile04,,compound,0,Crossroads Horizion 4,8/10/2025,yes,,"Iowa State University, Texas Tech University, Wagner Petrographic",,,,,"Crossroads, NM",33.53513,-103.242,4055,49-94,,,,,,,,,,,,,,,,,,Bt2,Upland Plain,1%,"linear, convex",fine-loamy Eolian Deposits,TBD,clay films; ferriargillans; Fe3 masses; fecal pellets,PR,Apedal,spongy; channel,chitogefuric; single spaced equal enaulic,quartz; chert; chalcedony; opaques; feldspar; mica; pyroxene; hornblende; microlitic lithic fragments,tissue residues; root organ residues; humified residues,granoporostriated; mosaic speckled,infilling of fecal pellets (small); clay bridging; dusty clay coatings; mixed oxide and hydroxide nodules; anorthic goethite nodules
stpr_cr4_01,stpr1,,stpr_cr4,child,1,PPL image,,,,,,,,,,,,,,,,,,,,,,Image,,,,Image,,,,,,,,,,,,,,,,,,,
stpr_cr4_02,stpr1,,stpr_cr4,child,2,XPL image,,,,,,,,,,,,,,,,,,,,,,Image,,,,Image,,,,,,,,,,,,,,,,,,,
stpr_cr4_03,stpr1,,stpr_cr4,child,3,Thin-section description,,,,,,,,,,,,,,,,,,,,,,,,,,,,,,,,,,,,,,,,,,,,,
stpr_profile05,stpr1,,,,,Willow Wells,8/15/2025,yes,TRUE,,,,,,"Lea, NM",33.53382,-103.63097,4537,94-100+,,,,,,,,,,,,,,,,,,,,,,,,,,,,,,,,
stpr_ww1,stpr1,stpr_profile05,,compound,0,Willow Wells Horizion 1,8/15/2025,yes,,"Iowa State University, Texas Tech University, Wagner Petrographic",,,,,"Lea, NM",33.53382,-103.63097,4537,,,,,,,,,,,,,,,,,,,Ap,Upland Plain,1%,"linear, linear",fine-loamy Eolian Deposits,TBD,root sheaths; fecal pellets; mixed rock fragments,PL,Basic,single grain,coarse monic,quartz; feldspar; mica; chert; shale fragments; opaques; pyroxene,root organ residues; tissue residues; humified residues,granostriated,infilling of fecal pellets (small); clay bridging; anorthic mixed oxide/hydoxide nodules
stpr_ww1_01,stpr1,,stpr_ww1,child,1,PPL image,,,,,,,,,,,,,,,,,,,,,,Image,,,,Image,,,,,,,,,,,,,,,,,,,
stpr_ww1_02,stpr1,,stpr_ww1,child,2,XPL image,,,,,,,,,,,,,,,,,,,,,,Image,,,,Image,,,,,,,,,,,,,,,,,,,
stpr_ww1_02,stpr1,,stpr_ww1,child,3,Thin-section description,,,,,,,,,,,,,,,,,,,,,,,,,,,,,,,,,,,,,,,,,,,,,
stpr_ww2,stpr1,stpr_profile05,,compound,0,Willow Wells Horizion 2,8/15/2025,yes,,"Iowa State University, Texas Tech University, Wagner Petrographic",,,,,"Lea, NM",33.53382,-103.63097,4537,0-11,,,,,,,,,,,,,,,,,,Bw,Upland Plain,1%,"linear, linear",fine-loamy Eolian Deposits,TBD,mixed rock fragments; root sheaths,PR,SBK,compact grain; bridged grain,coarse monic; chitogefuric,quartz; chert; feldspar; mica; pyrite; opaques; pyroxene,root organ residues; tissue residues; humified residues,granostriated,infilling of fecal pellets (small); mixed oxide/hydroxide nodules
stpr_ww2_01,stpr1,,stpr_ww2,child,1,PPL image,,,,,,,,,,,,,,,,,,,,,,Image,,,,Image,,,,,,,,,,,,,,,,,,,
stpr_ww2_02,stpr1,,stpr_ww2,child,2,XPL image,,,,,,,,,,,,,,,,,,,,,,Image,,,,Image,,,,,,,,,,,,,,,,,,,
stpr_ww2_03,stpr1,,stpr_ww2,child,3,Thin-section description,,,,,,,,,,,,,,,,,,,,,,,,,,,,,,,,,,,,,,,,,,,,,
stpr_ww3,stpr1,stpr_profile05,,compound,0,Willow Wells Horizion 3,8/15/2025,yes,,"Iowa State University, Texas Tech University, Wagner Petrographic",,,,,"Lea, NM",33.53382,-103.63097,4537,11-32,,,,,,,,,,,,,,,,,,Bt1,Upland Plain,1%,"linear, linear",fine-loamy Eolian Deposits,TBD,fecal pellets; root sheaths; mixed rock fragments; clay films; organoargillans,PR,SBK,vughy; channel,close porphyric,quartz; feldspar; mica; chert; pyrite; opaques; pyroxene,root organ residues; pollen; tissue residues; humified residues,granoporostriated; mosaic speckled,clay coatings; infilling of fecal pellets (small); mixed oxide/hydroxide nodules
stpr_ww3_01,stpr1,,stpr_ww3,child,1,PPL image,,,,,,,,,,,,,,,,,,,,,,Image,,,,Image,,,,,,,,,,,,,,,,,,,
stpr_ww3_02,stpr1,,stpr_ww3,child,2,XPL image,,,,,,,,,,,,,,,,,,,,,,Image,,,,Image,,,,,,,,,,,,,,,,,,,
stpr_ww3_03,stpr1,,stpr_ww3,child,3,Thin-section description,,,,,,,,,,,,,,,,,,,,,,,,,,,,,,,,,,,,,,,,,,,,,
stpr_ww4,stpr1,stpr_profile05,,compound,0,Willow Wells Horizion 4,8/15/2025,yes,,"Iowa State University, Texas Tech University, Wagner Petrographic",,,,,"Lea, NM",33.53382,-103.63097,4537,32-52,,,,,,,,,,,,,,,,,,Bt2,Upland Plain,1%,"linear, linear",fine-loamy Eolian Deposits,TBD,mixed rock fragments; root sheaths; clay films; organic stains,PR,Apedal,spongy; channel,close porphyric; chitogefuric,quartz; chert; feldspars; pyroxene; hornblende; opaques,root organ residues; tissue residues; humified residues,granoporostriated; mosaic speckled,limpid clay coatings; disorthic mixed oxide/hydroxide nodules; infilling of fecal pellets (small); organoargillans; dusty clay coatings
stpr_ww4_01,stpr1,,stpr_ww4,child,1,PPL image,,,,,,,,,,,,,,,,,,,,,,Image,,,,Image,,,,,,,,,,,,,,,,,,,
stpr_ww4_02,stpr1,,stpr_ww4,child,2,XPL image,,,,,,,,,,,,,,,,,,,,,,Image,,,,Image,,,,,,,,,,,,,,,,,,,
stpr_ww4_03,stpr1,,stpr_ww4,child,3,Thin-section description,,,,,,,,,,,,,,,,,,,,,,,,,,,,,,,,,,,,,,,,,,,,,
stpr_ww5,stpr1,stpr_profile05,,compound,0,Willow Wells Horizion 5,8/15/2025,yes,,"Iowa State University, Texas Tech University, Wagner Petrographic",,,,,"Lea, NM",33.53382,-103.63097,4537,52-86,,,,,,,,,,,,,,,,,,Bt3,Upland Plain,1%,"linear, linear",fine-loamy Eolian Deposits,TBD,clay films; mixed rock fragments; root sheaths; carbonate masses,PR,SBK,channel; vughy,close porphyric,quartz; chert; feldspar; mica; opaques; pyroxene,root organ residues; tissue residues; humified residues,granoporostriated; mosaic speckled,infilling of fecal pellets (small); limpid clay coatings; microlaminated clay infillings; weakly impregnated oxide/hydroxide nodule
stpr_ww5_01,stpr1,,stpr_ww5,child,1,PPL image,,,,,,,,,,,,,,,,,,,,,,Image,,,,Image,,,,,,,,,,,,,,,,,,,
stpr_ww5_02,stpr1,,stpr_ww5,child,2,XPL image,,,,,,,,,,,,,,,,,,,,,,Image,,,,Image,,,,,,,,,,,,,,,,,,,
stpr_ww5_03,stpr1,,stpr_ww5,child,3,Thin-section description,,,,,,,,,,,,,,,,,,,,,,,,,,,,,,,,,,,,,,,,,,,,,
stpr_profile06,stpr2,,,,,Webster ,7/9/2025,no,TRUE,,,,,,"Ames, IA",42.01667,-93.73333,1060,,,,,,,,,,,,,,,,,,,,,,,,,,,,,,,,,
stpr_aw1,stpr2,stpr_profile06,,compound,0,Webster Horizon 1,7/9/2025,no,,"Iowa State University, Texas Tech University, Wagner Petrographic",,,,,"Ames, IA",42.01667,-93.73333,1060,0-20,,,,,,,,,,,,,,,,,,A1,toeslope,,"linear, linear",Glacial Till,TBD,mica flakes; mixed rock fragments,"SBK, GR",,,,,,,
stpr_aw1_01,stpr2,,stpr_aw1,child,1,PPL image,,,,,,,,,,,,,,,,,,,,,,Image,,,,Image,,,,,,,,,,,,,,,,,,,
stpr_aw1_02,stpr2,,stpr_aw1,child,2,XPL image,,,,,,,,,,,,,,,,,,,,,,Image,,,,Image,,,,,,,,,,,,,,,,,,,
stpr_aw1_03,stpr2,,stpr_aw1,child,3,Thin-section description,,,,,,,,,,,,,,,,,,,,,,,,,,,,,,,,,,,,,,,,,,,,,
stpr_aw2,stpr2,stpr_profile06,,compound,0,Webster Horizon 2,7/9/2025,no,,"Iowa State University, Texas Tech University, Wagner Petrographic",,,,,"Ames, IA",42.01667,-93.73333,1060,20-39,,,,,,,,,,,,,,,,,,A2,toeslope,,"linear, linear",Glacial Till,TBD,mica flakes; organoargillans; mixed rock fragments; fecal pellets,SBK,,,,,,,
stpr_aw2_01,stpr2,,stpr_aw2,child,1,PPL image,,,,,,,,,,,,,,,,,,,,,,Image,,,,Image,,,,,,,,,,,,,,,,,,,
stpr_aw2_02,stpr2,,stpr_aw2,child,2,XPL image,,,,,,,,,,,,,,,,,,,,,,Image,,,,Image,,,,,,,,,,,,,,,,,,,
stpr_aw2_03,stpr2,,stpr_aw2,child,3,Thin-section description,,,,,,,,,,,,,,,,,,,,,,,,,,,,,,,,,,,,,,,,,,,,,
stpr_aw3,stpr2,stpr_profile06,,compound,0,Webster Horizon 3,7/9/2025,no,,"Iowa State University, Texas Tech University, Wagner Petrographic",,,,,"Ames, IA",42.01667,-93.73333,1060,39-59,,,,,,,,,,,,,,,,,,BA,toeslope,,"linear, linear",Glacial Till,TBD,mica flakes; mixed rock fragments,SBK,,,,,,,
stpr_aw3_01,stpr2,,stpr_aw3,child,1,PPL image,,,,,,,,,,,,,,,,,,,,,,Image,,,,Image,,,,,,,,,,,,,,,,,,,
stpr_aw3_02,stpr2,,stpr_aw3,child,2,XPL image,,,,,,,,,,,,,,,,,,,,,,Image,,,,Image,,,,,,,,,,,,,,,,,,,
stpr_aw3_03,stpr2,,stpr_aw3,child,3,Thin-section description,,,,,,,,,,,,,,,,,,,,,,,,,,,,,,,,,,,,,,,,,,,,,
stpr_aw4,stpr2,stpr_profile06,,compound,0,Webster Horizon 4,7/9/2025,no,,"Iowa State University, Texas Tech University, Wagner Petrographic",,,,,"Ames, IA",42.01667,-93.73333,1060,59-72,,,,,,,,,,,,,,,,,,Bg,toeslope,,"linear, linear",Glacial Till,TBD,krotovina; mixed rock fragments; carbonate nodules,SBK,,,,,,,
stpr_aw4_01,stpr2,,stpr_aw4,child,1,PPL image,,,,,,,,,,,,,,,,,,,,,,Image,,,,Image,,,,,,,,,,,,,,,,,,,
stpr_aw4_02,stpr2,,stpr_aw4,child,2,XPL image,,,,,,,,,,,,,,,,,,,,,,Image,,,,Image,,,,,,,,,,,,,,,,,,,
stpr_aw4_03,stpr2,,stpr_aw4,child,3,Thin-section description,,,,,,,,,,,,,,,,,,,,,,,,,,,,,,,,,,,,,,,,,,,,,
stpr_aw5,stpr2,stpr_profile06,,compound,0,Webster Horizon 5,7/9/2025,no,,"Iowa State University, Texas Tech University, Wagner Petrographic",,,,,"Ames, IA",42.01667,-93.73333,1060,72-100+,,,,,,,,,,,,,,,,,,BCg,toeslope,,"linear, linear",Glacial Till,TBD,"krotovina, iron masses; mixeed rock fragments; organoargillans; reduced matrix; carbonate nodules",SBK,,,,,,,
stpr_aw5_01,stpr2,,stpr_aw5,child,1,PPL image,,,,,,,,,,,,,,,,,,,,,,Image,,,,Image,,,,,,,,,,,,,,,,,,,
stpr_aw5_02,stpr2,,stpr_aw5,child,2,XPL image,,,,,,,,,,,,,,,,,,,,,,Image,,,,Image,,,,,,,,,,,,,,,,,,,
stpr_aw5_03,stpr2,,stpr_aw5,child,3,Thin-section description,,,,,,,,,,,,,,,,,,,,,,,,,,,,,,,,,,,,,,,,,,,,,
stpr_profile07,stpr2,,,,,Clarion,7/8/2025,no,TRUE,,,,,,"Ames, IA",,,1060,,,,,,,,,,,,,,,,,,,,,,,,,,,,,,,,,
stpr_ac1,stpr2,stpr_profile07,,compound,0,Clarion Horizon 1,7/8/2025,no,,"Iowa State University, Texas Tech University, Wagner Petrographic",,,,,"Ames, IA",,,1060,0-12,,,,,,,,,,,,,,,,,,Ap,toeslope,,"linear, linear",Glacial Till,TBD,fecal pellets; mixed rock fragments,GR; SBK,SBK; GR,vughy; channel,close porphyric; single spaced porphyric,quartz; feldspars; chert/chalcedony; mica; granitic fragments; quartzite fragments; sandstone fragments; shale fragments; opaques; pyroxene; hornblende,leaf organ residues; root organ residues; funal tissues; tissue residues; humified residues,stipple speckled; undifferentiated,infilling of fecal pellets (large); infilling of fecal pellets (small); limpid clay coatings; strongly impregnated orthic oxide/hydroxide nodules; fine hematite concretions; anorthic oxide/hydroxide nodules
stpr_ac1_01,stpr2,,stpr_ac1,child,1,PPL image,,,,,,,,,,,,,,,,,,,,,,Image,,,,Image,,,,,,,,,,,,,,,,,,,
stpr_ac1_02,stpr2,,stpr_ac1,child,2,XPL image,,,,,,,,,,,,,,,,,,,,,,Image,,,,Image,,,,,,,,,,,,,,,,,,,
stpr_ac1_03,stpr2,,stpr_ac1,child,3,Thin-section description,,,,,,,,,,,,,,,,,,,,,,,,,,,,,,,,,,,,,,,,,,,,,
stpr_ac2,stpr2,,,compound,0,Clarion Horizon 2,7/8/2025,no,,"Iowa State University, Texas Tech University, Wagner Petrographic",,,,,"Ames, IA",,,1060,12-38,,,,,,,,,,,,,,,,,,A,toeslope,,"linear, linear",Glacial Till,TBD,fecal pellets; mixed rock fragments,SBK,SBK,spongy; channel,close porphyric; single spaced porphyric,quartz; chert/chalcedony; feldspar; mica; granitic fragments; quartzite fragments; pyroxene; schist fragments; shale fragments; sandstone fragments; opaques; hornblende,tissue residues; root organ residues; humified residues; fungal tissues,undifferentiated; stipple speckled,infilling of fecal pellets (small); infilling of fecal pellets (large); strongly impregnated disorthic oxide/hydroxide nodules
stpr_ac2_01,stpr2,,stpr_ac2,child,1,PPL image,,,,,,,,,,,,,,,,,,,,,,Image,,,,Image,,,,,,,,,,,,,,,,,,,
stpr_ac2_02,stpr2,,stpr_ac2,child,2,XPL image,,,,,,,,,,,,,,,,,,,,,,Image,,,,Image,,,,,,,,,,,,,,,,,,,
stpr_ac2_03,stpr2,,stpr_ac2,child,3,Thin-section description,,,,,,,,,,,,,,,,,,,,,,,,,,,,,,,,,,,,,,,,,,,,,
stpr_ac3,stpr2,stpr_profile07,,compound,0,Clarion Horizon 3,7/8/2025,no,,"Iowa State University, Texas Tech University, Wagner Petrographic",,,,,"Ames, IA",,,1060,38-54,,,,,,,,,,,,,,,,,,AB,toeslope,,"linear, linear",Glacial Till,TBD,mixed rock fragments; fecal pellts; Fe3 masses,SBK,SBK,channel,close porphyric; single spaced porphyric,quartz; chert/chalcedony; feldspar; mica; granitic fragments; quartzite fragments; pyroxene; schist fragments; shale fragments; sandstone fragments; hornblende,tissue residues; humified residues; fungal tissues,granoporostriated; mosaic speckled,oxidized hypocoatings; anorthic fine hematite nodules; weakly impregnated orthic mixed oxide/hydroxide nodules; limpid clay coatings
stpr_ac3_01,stpr2,,stpr_ac3,child,1,PPL image,,,,,,,,,,,,,,,,,,,,,,Image,,,,Image,,,,,,,,,,,,,,,,,,,
stpr_ac3_02,stpr2,,stpr_ac3,child,2,XPL image,,,,,,,,,,,,,,,,,,,,,,Image,,,,Image,,,,,,,,,,,,,,,,,,,
stpr_ac3_03,stpr2,,stpr_ac3,child,3,Thin-section description,,,,,,,,,,,,,,,,,,,,,,,,,,,,,,,,,,,,,,,,,,,,,
stpr_ac4,stpr2,stpr_profile07,,compound,0,Clarion Horizon 4,7/8/2025,no,,"Iowa State University, Texas Tech University, Wagner Petrographic",,,,,"Ames, IA",,,1060,54-83,,,,,,,,,,,,,,,,,,Bw,toeslope,,"linear, linear",Glacial Till,TBD,mixed rock fragments; fecal pellets; carbonate concretions,SBK,Apedal,channel,close porphyric; single spaced porphyric,quartz; limestone fragments; chert/chalcedony; feldspar; mica; granitic fragments; quartzite fragments; pyroxene; schist fragments; shale fragments; sandstone fragments; hornblende; amphibolite; opaques,tissue residues; root organ residues,crystallitic,clay hypocoatings; fine hematite concretions; micritic nodules; anorthic goethite nodules; mixed oxide/hydroxide disorthic nodules; strongly impregnated mixed oxide/hydroxide nodules
stpr_ac4_01,stpr2,,stpr_ac4,child,1,PPL image,,,,,,,,,,,,,,,,,,,,,,Image,,,,Image,,,,,,,,,,,,,,,,,,,
stpr_ac4_02,stpr2,,stpr_ac4,child,2,XPL image,,,,,,,,,,,,,,,,,,,,,,Image,,,,Image,,,,,,,,,,,,,,,,,,,
stpr_ac4_03,stpr2,,stpr_ac4,child,3,Thin-section description,,,,,,,,,,,,,,,,,,,,,,,,,,,,,,,,,,,,,,,,,,,,,
stpr_ac5,stpr2,stpr_profile07,,compound,0,Clarion Horizon 5,7/8/2025,no,,"Iowa State University, Texas Tech University, Wagner Petrographic",,,,,"Ames, IA",,,1060,83-100+,,,,,,,,,,,,,,,,,,BC,toeslope,,"linear, linear",Glacial Till,TBD,carbonate nodules; fecal pellets; organoargillans; carbonate concretions; Fe3 masses; reduced matrix,SBK,Apedal,channel,close porphyric; single spaced porphyric,quartz; limestone fragments; chert/chalcedony; feldspar; mica; granitic fragments; quartzite fragments; pyroxene; schist fragments; shale fragments; sandstone fragments; hornblende; amphibolite; opaques,tissue residues; humified residues,crystallitic; granoporostriated,dense complete micritic infilling; micritic pendants; micritic caps; micritic nodules; oxidized hypocoatings; anorthic fine hematite nodules; strongly impregnated orthic oxide/hydroxide nodules; infilling of fecal pellets (small); iron depleted matrix
stpr_ac5_01,stpr2,,stpr_ac5,child,1,PPL image,,,,,,,,,,,,,,,,,,,,,,Image,,,,Image,,,,,,,,,,,,,,,,,,,
stpr_ac5_02,stpr2,,stpr_ac5,child,2,XPL image,,,,,,,,,,,,,,,,,,,,,,Image,,,,Image,,,,,,,,,,,,,,,,,,,
stpr_ac5_03,stpr2,,stpr_ac5,child,3,Thin-section description,,,,,,,,,,,,,,,,,,,,,,,,,,,,,,,,,,,,,,,,,,,,,
stpr_profile08,stpr2,,,,,Nicollet,7/9/2025,no,TRUE,,,,,,"Ames, IA",,,1060,,,,,,,,,,,,,,,,,,,,,,,,,,,,,,,,,
stpr_an1,stpr2,stpr_profile08,,compound,0,Nicollet Horizon 1,7/9/2025,no,,"Iowa State University, Texas Tech University, Wagner Petrographic",,,,,"Ames, IA",,,1060,0-8,,,,,,,,,,,,,,,,,,Ap,toeslope,,"linear, linear",Glacial Till,TBD,mixed rock fragments,SBK; GR,,,,,,,
stpr_an1_01,stpr2,,stpr_an1,child,1,PPL image,,,,,,,,,,,,,,,,,,,,,,Image,,,,Image,,,,,,,,,,,,,,,,,,,
stpr_an1_02,stpr2,,stpr_an1,child,2,XPL image,,,,,,,,,,,,,,,,,,,,,,Image,,,,Image,,,,,,,,,,,,,,,,,,,
stpr_an1_03,stpr2,,stpr_an1,child,3,Thin-section description,,,,,,,,,,,,,,,,,,,,,,,,,,,,,,,,,,,,,,,,,,,,,
stpr_an2,stpr2,stpr_profile08,,compound,0,Nicollet Horizon 2,7/9/2025,no,,"Iowa State University, Texas Tech University, Wagner Petrographic",,,,,"Ames, IA",,,1060,8-30,,,,,,,,,,,,,,,,,,A,toeslope,,"linear, linear",Glacial Till,TBD,mixed rock fragments; fecal pellets,ABK; SBK,Apedal,channel,close porphyric; single spaced porphyric,quarts; granitic fragments; feldspars; mica; sandstone fragments; chert; quartzite fragments; pyroxene; hornblende,root organ residues; tissue residues; fungal spores; humified residues,undifferentiated; stipple speckled,infilling of fecal pellets (small); strongly impregnated orthic oxide/hydroxide nodules; disorthic oxide/hydroxide nodules; concentric oxide/hydroxide nodules
stpr_an2_01,stpr2,,stpr_an2,child,1,PPL image,,,,,,,,,,,,,,,,,,,,,,Image,,,,Image,,,,,,,,,,,,,,,,,,,
stpr_an2_02,stpr2,,stpr_an2,child,2,XPL image,,,,,,,,,,,,,,,,,,,,,,Image,,,,Image,,,,,,,,,,,,,,,,,,,
stpr_an2_03,stpr2,,stpr_an2,child,3,Thin-section description,,,,,,,,,,,,,,,,,,,,,,,,,,,,,,,,,,,,,,,,,,,,,
stpr_an3,stpr2,stpr_profile08,,compound,0,Nicollet Horizon 3,7/9/2025,no,,"Iowa State University, Texas Tech University, Wagner Petrographic",,,,,"Ames, IA",,,1060,30-55,,,,,,,,,,,,,,,,,,Bw,toeslope,,"linear, linear",Glacial Till,TBD,mixed rock fragments; fecal pellets; organic stains,SBK,,,,,,,
stpr_an3_01,stpr2,,stpr_an3,child,1,PPL image,,,,,,,,,,,,,,,,,,,,,,Image,,,,Image,,,,,,,,,,,,,,,,,,,
stpr_an3_02,stpr2,,stpr_an3,child,2,XPL image,,,,,,,,,,,,,,,,,,,,,,Image,,,,Image,,,,,,,,,,,,,,,,,,,
stpr_an3_03,stpr2,,stpr_an3,child,3,Thin-section description,,,,,,,,,,,,,,,,,,,,,,,,,,,,,,,,,,,,,,,,,,,,,
stpr_an4,stpr2,stpr_profile08,,compound,0,Nicollet Horizon 4,7/9/2025,no,,"Iowa State University, Texas Tech University, Wagner Petrographic",,,,,"Ames, IA",,,1060,55-72,,,,,,,,,,,,,,,,,,Bg1,toeslope,,"linear, linear",Glacial Till,TBD,finely disseminated carbonates; mixed rock fragments; organic stains; carbonate nodules; fecal pellets,SBK,,,,,,,
stpr_an4_01,stpr2,,stpr_an4,child,1,PPL image,,,,,,,,,,,,,,,,,,,,,,Image,,,,Image,,,,,,,,,,,,,,,,,,,
stpr_an4_02,stpr2,,stpr_an4,child,2,XPL image,,,,,,,,,,,,,,,,,,,,,,Image,,,,Image,,,,,,,,,,,,,,,,,,,
stpr_an4_03,stpr2,,stpr_an4,child,3,Thin-section description,,,,,,,,,,,,,,,,,,,,,,,,,,,,,,,,,,,,,,,,,,,,,
stpr_an5,stpr2,stpr_profile08,,compound,0,Nicollet Horizon 5,7/9/2025,no,,"Iowa State University, Texas Tech University, Wagner Petrographic",,,,,"Ames, IA",,,1060,72-86,,,,,,,,,,,,,,,,,,Bg2,toeslope,,"linear, linear",Glacial Till,TBD,finely disseminated carbonates; Fe3 masses; ferriargillans; organic stains; carbonate nodules; iron-manganese concretions; mixed rock fragments,SBK,,,,,,,
stpr_an5_01,stpr2,,stpr_an5,child,1,PPL image,,,,,,,,,,,,,,,,,,,,,,Image,,,,Image,,,,,,,,,,,,,,,,,,,
stpr_an5_02,stpr2,,stpr_an5,child,2,XPL image,,,,,,,,,,,,,,,,,,,,,,Image,,,,Image,,,,,,,,,,,,,,,,,,,
stpr_an5_03,stpr2,,stpr_an5,child,3,Thin-section description,,,,,,,,,,,,,,,,,,,,,,,,,,,,,,,,,,,,,,,,,,,,,
stpr_an6,stpr2,stpr_profile08,,compound,0,Nicollet Horizon 6,7/9/2025,no,,"Iowa State University, Texas Tech University, Wagner Petrographic",,,,,"Ames, IA",,,1060,86-100+,,,,,,,,,,,,,,,,,,Bgk,toeslope,,"linear, linear",Glacial Till,TBD,finely disseminated carbonates; reduced matrix; organic stains; mixed rock fragments; carbonate concretions,SBK,,,,,,,
stpr_an6_01,stpr2,,stpr_an6,child,1,PPL image,,,,,,,,,,,,,,,,,,,,,,Image,,,,Image,,,,,,,,,,,,,,,,,,,
stpr_an6_02,stpr2,,stpr_an6,child,2,XPL image,,,,,,,,,,,,,,,,,,,,,,Image,,,,Image,,,,,,,,,,,,,,,,,,,
stpr_an6_03,stpr2,,stpr_an6,child,3,Thin-section description,,,,,,,,,,,,,,,,,,,,,,,,,,,,,,,,,,,,,,,,,,,,,
stpr_profile09,stpr3,,,,,Restored Prairie,7/20/2025,yes,TRUE,,,,,,"Lawrence, KS",,,1090,,,,,,,,,,,,,,,,,,,,,,,,,,,,,,,,,
stpr_kr1,stpr3,stpr_profile09,,compound,0,Restored Prairie Horizon 1,7/20/2025,yes,,"Iowa State University, Texas Tech University, Wagner Petrographic",,,,,"Lawrence, KS",,,1090,0-7,,,,,,,,,,,,,,,,,,Ap,,,"linear, linear",Loess over till,TBD,root sheaths; iron-manganese nodules,GR; SBK,,,,,,,
stpr_kr1_01,stpr3,,stpr_kr1,child,1,PPL image,,,,,,,,,,,,,,,,,,,,,,Image,,,,Image,,,,,,,,,,,,,,,,,,,
stpr_kr1_02,stpr3,,stpr_kr1,child,2,XPL image,,,,,,,,,,,,,,,,,,,,,,Image,,,,Image,,,,,,,,,,,,,,,,,,,
stpr_kr1_03,stpr3,,stpr_kr1,child,3,Thin-section description,,,,,,,,,,,,,,,,,,,,,,,,,,,,,,,,,,,,,,,,,,,,,
stpr_kr2,stpr3,stpr_profile09,,compound,0,Restored Prairie Horizon 2,7/20/2025,yes,,"Iowa State University, Texas Tech University, Wagner Petrographic",,,,,"Lawrence, KS",,,1090,7-18,,,,,,,,,,,,,,,,,,Bt,,,"linear, linear",Loess over till,TBD,mixed rock fragments; pressure faces; iron-manganese nodules; Fe3 masses; clay films,GR; SBK; ABK,,,,,,,
stpr_kr2_01,stpr3,,stpr_kr2,child,1,PPL image,,,,,,,,,,,,,,,,,,,,,,Image,,,,Image,,,,,,,,,,,,,,,,,,,
stpr_kr2_02,stpr3,,stpr_kr2,child,2,XPL image,,,,,,,,,,,,,,,,,,,,,,Image,,,,Image,,,,,,,,,,,,,,,,,,,
stpr_kr2_03,stpr3,,stpr_kr2,child,3,Thin-section description,,,,,,,,,,,,,,,,,,,,,,,,,,,,,,,,,,,,,,,,,,,,,
stpr_kr3,stpr3,stpr_profile09,,compound,0,Restored Prairie Horizon 3,7/20/2025,yes,,"Iowa State University, Texas Tech University, Wagner Petrographic",,,,,"Lawrence, KS",,,1090,18-38,,,,,,,,,,,,,,,,,,Btg,,,"linear, linear",Loess over till,TBD,mixed rock fragments; iron-manganese nodules; pressure faces; Fe3 masses; organoargillans,ABK; SBK,,,,,,,
stpr_kr3_01,stpr3,,stpr_kr3,child,1,PPL image,,,,,,,,,,,,,,,,,,,,,,Image,,,,Image,,,,,,,,,,,,,,,,,,,
stpr_kr3_02,stpr3,,stpr_kr3,child,2,XPL image,,,,,,,,,,,,,,,,,,,,,,Image,,,,Image,,,,,,,,,,,,,,,,,,,
stpr_kr3_03,stpr3,,stpr_kr3,child,3,Thin-section description,,,,,,,,,,,,,,,,,,,,,,,,,,,,,,,,,,,,,,,,,,,,,
stpr_kr4,stpr3,stpr_profile09,,compound,0,Restored Prairie Horizon 4,7/20/2025,yes,,"Iowa State University, Texas Tech University, Wagner Petrographic",,,,,"Lawrence, KS",,,1090,38-56,,,,,,,,,,,,,,,,,,Btss,,,"linear, linear",Loess over till,TBD,Fe3 masses; iron-manganese nodules; slickensides; ferriargillans; organoargillans,ABK; SBK,,,,,,,
stpr_kr4_01,stpr3,,stpr_kr4,child,1,PPL image,,,,,,,,,,,,,,,,,,,,,,Image,,,,Image,,,,,,,,,,,,,,,,,,,
stpr_kr4_02,stpr3,,stpr_kr4,child,2,XPL image,,,,,,,,,,,,,,,,,,,,,,Image,,,,Image,,,,,,,,,,,,,,,,,,,
stpr_kr4_03,stpr3,,stpr_kr4,child,3,Thin-section description,,,,,,,,,,,,,,,,,,,,,,,,,,,,,,,,,,,,,,,,,,,,,
stpr_kr5,stpr3,stpr_profile09,,compound,0,Restored Prairie Horizon 5,7/20/2025,yes,,"Iowa State University, Texas Tech University, Wagner Petrographic",,,,,"Lawrence, KS",,,1090,56-75,,,,,,,,,,,,,,,,,,Bkss,,,"linear, linear",Loess over till,TBD,clay films; organoargillans; slickensides; carbonate masses,SBK; ABK,,,,,,,
stpr_kr5_01,stpr3,,stpr_kr5,child,1,PPL image,,,,,,,,,,,,,,,,,,,,,,Image,,,,Image,,,,,,,,,,,,,,,,,,,
stpr_kr5_02,stpr3,,stpr_kr5,child,2,XPL image,,,,,,,,,,,,,,,,,,,,,,Image,,,,Image,,,,,,,,,,,,,,,,,,,
stpr_kr5_03,stpr3,,stpr_kr5,child,3,Thin-section description,,,,,,,,,,,,,,,,,,,,,,,,,,,,,,,,,,,,,,,,,,,,,
stpr_kr6,stpr3,stpr_profile09,,compound,0,Restored Prairie Horizon 6,7/20/2025,yes,,"Iowa State University, Texas Tech University, Wagner Petrographic",,,,,"Lawrence, KS",,,1090,75-100+,,,,,,,,,,,,,,,,,,Btkss,,,"linear, linear",Loess over till,TBD,ferriargillans; iron-manganese nodules; manganese masses,SBK; ABK,,,,,,,
stpr_kr6_01,stpr3,,stpr_kr6,child,1,PPL image,,,,,,,,,,,,,,,,,,,,,,Image,,,,Image,,,,,,,,,,,,,,,,,,,
stpr_kr6_02,stpr3,,stpr_kr6,child,2,XPL image,,,,,,,,,,,,,,,,,,,,,,Image,,,,Image,,,,,,,,,,,,,,,,,,,
stpr_kr6_03,stpr3,,stpr_kr6,child,3,Thin-section description,,,,,,,,,,,,,,,,,,,,,,,,,,,,,,,,,,,,,,,,,,,,,
stpr_profile10,stpr3,,,,,Native Prairie,7/20/2025,yes,TRUE,,,,,,"Lawrence, KS",,,1090,,,,,,,,,,,,,,,,,,,,,,,,,,,,,,,,,
stpr_kn1,stpr3,stpr_profile10,,compound,0,Native Prairie Horizon 1 ,7/20/2025,yes,,"Iowa State University, Texas Tech University, Wagner Petrographic",,,,,"Lawrence, KS",,,1090,0-14,,,,,,,,,,,,,,,,,,A,,,"linear, linear",Loess over till,TBD,iron-manganese nodules,GR,,,,,,,
stpr_kn1_01,stpr3,,stpr_kn1,child,1,PPL image,,,,,,,,,,,,,,,,,,,,,,Image,,,,Image,,,,,,,,,,,,,,,,,,,
stpr_kn1_02,stpr3,,stpr_kn1,child,2,XPL image,,,,,,,,,,,,,,,,,,,,,,Image,,,,Image,,,,,,,,,,,,,,,,,,,
stpr_kn1_03,stpr3,,stpr_kn1,child,3,Thin-section description,,,,,,,,,,,,,,,,,,,,,,,,,,,,,,,,,,,,,,,,,,,,,
stpr_kn2,stpr3,stpr_profile10,,compound,0,Native Prairie Horizon 2,7/20/2025,yes,,"Iowa State University, Texas Tech University, Wagner Petrographic",,,,,"Lawrence, KS",,,1090,14-28,,,,,,,,,,,,,,,,,,ABt,,,"linear, linear",Loess over till,TBD,organoargillans,SBK,,,,,,,
stpr_kn2_01,stpr3,,stpr_kn2,child,1,PPL image,,,,,,,,,,,,,,,,,,,,,,Image,,,,Image,,,,,,,,,,,,,,,,,,,
stpr_kn2_02,stpr3,,stpr_kn2,child,2,XPL image,,,,,,,,,,,,,,,,,,,,,,Image,,,,Image,,,,,,,,,,,,,,,,,,,
stpr_kn2_03,stpr3,,stpr_kn2,child,3,Thin-section description,,,,,,,,,,,,,,,,,,,,,,,,,,,,,,,,,,,,,,,,,,,,,
stpr_kn3,stpr3,stpr_profile10,,compound,0,Native Prairie Horizon 3,7/20/2025,yes,,"Iowa State University, Texas Tech University, Wagner Petrographic",,,,,"Lawrence, KS",,,1090,28-44,,,,,,,,,,,,,,,,,,Bt,,,"linear, linear",Loess over till,TBD,krotovina; organoargillans; iron-manganese nodules,SBK,,,,,,,
stpr_kn3_01,stpr3,,stpr_kn3,child,1,PPL image,,,,,,,,,,,,,,,,,,,,,,Image,,,,Image,,,,,,,,,,,,,,,,,,,
stpr_kn3_02,stpr3,,stpr_kn3,child,2,XPL image,,,,,,,,,,,,,,,,,,,,,,Image,,,,Image,,,,,,,,,,,,,,,,,,,
stpr_kn3_03,stpr3,,stpr_kn3,child,3,Thin-section description,,,,,,,,,,,,,,,,,,,,,,,,,,,,,,,,,,,,,,,,,,,,,
stpr_kn4,stpr3,stpr_profile10,,compound,0,Native Prairie Horizon 4,7/20/2025,yes,,"Iowa State University, Texas Tech University, Wagner Petrographic",,,,,"Lawrence, KS",,,1090,44-65,,,,,,,,,,,,,,,,,,2Btss,,,"linear, linear",Loess over till,TBD,slickensides; organoargillans; clay films; iron-manganese nodules; root sheaths; Fe3 masses,PR,,,,,,,
stpr_kn4_01,stpr3,,stpr_kn4,child,1,PPL image,,,,,,,,,,,,,,,,,,,,,,Image,,,,Image,,,,,,,,,,,,,,,,,,,
stpr_kn4_02,stpr3,,stpr_kn4,child,2,XPL image,,,,,,,,,,,,,,,,,,,,,,Image,,,,Image,,,,,,,,,,,,,,,,,,,
stpr_kn4_03,stpr3,,stpr_kn4,child,3,Thin-section description,,,,,,,,,,,,,,,,,,,,,,,,,,,,,,,,,,,,,,,,,,,,,
stpr_kn5,stpr3,stpr_profile10,,compound,0,Native Prairie Horizon 5,7/20/2025,yes,,"Iowa State University, Texas Tech University, Wagner Petrographic",,,,,"Lawrence, KS",,,1090,65-100+,,,,,,,,,,,,,,,,,,2Bss,,,"linear, linear",Loess over till,TBD,slickensides; pressure faces; manganese masses; Fe3 masses,SBK; WG,,,,,,,
stpr_kn5_01,stpr3,,stpr_kn5,child,1,PPL image,,,,,,,,,,,,,,,,,,,,,,Image,,,,Image,,,,,,,,,,,,,,,,,,,
stpr_kn5_02,stpr3,,stpr_kn5,child,2,XPL image,,,,,,,,,,,,,,,,,,,,,,Image,,,,Image,,,,,,,,,,,,,,,,,,,
stpr_kn5_03,stpr3,,stpr_kn5,child,3,Thin-section description,,,,,,,,,,,,,,,,,,,,,,,,,,,,,,,,,,,,,,,,,,,,,
stpr_profile11,stpr3,,,,,KUFS Tower,7/26/2025,no,TRUE,,,,,,"Lawrence, KS",39.05141,-95.19128,1090,,,,,,,,,,,,,,,,,,,,,,,,,,,,,,,,,
stpr_kt1,stpr3,stpr_profile11,,compound,0,Tower Prairie Horizon 1,7/26/2025,no,,"Iowa State University, Texas Tech University, Wagner Petrographic",,,,,"Lawrence, KS",39.05141,-95.19128,1090,0-16,,,,,,,,,,,,,,,,,,A,,,"linear, linear",Loess over till,TBD,root sheaths; fecal pellets,GR; SBK,,,,,,,
stpr_kt1_01,stpr3,,stpr_kt1,child,1,PPL image,,,,,,,,,,,,,,,,,,,,,,Image,,,,Image,,,,,,,,,,,,,,,,,,,
stpr_kt1_02,stpr3,,stpr_kt1,child,2,XPL image,,,,,,,,,,,,,,,,,,,,,,Image,,,,Image,,,,,,,,,,,,,,,,,,,
stpr_kt1_03,stpr3,,stpr_kt1,child,3,Thin-section description,,,,,,,,,,,,,,,,,,,,,,,,,,,,,,,,,,,,,,,,,,,,,
stpr_kt2,stpr3,stpr_profile11,,compound,0,Tower Prairie Horizon 2,7/26/2025,no,,"Iowa State University, Texas Tech University, Wagner Petrographic",,,,,"Lawrence, KS",39.05141,-95.19128,1090,16-34,,,,,,,,,,,,,,,,,,Bt,,,"linear, linear",Loess over till,TBD,fecal pellets; root sheaths; organoargillans; iron-manganese nodules; pressure faces,WG; SBK,,,,,,,
stpr_kt2_01,stpr3,,stpr_kt2,child,1,PPL image,,,,,,,,,,,,,,,,,,,,,,Image,,,,Image,,,,,,,,,,,,,,,,,,,
stpr_kt2_02,stpr3,,stpr_kt2,child,2,XPL image,,,,,,,,,,,,,,,,,,,,,,Image,,,,Image,,,,,,,,,,,,,,,,,,,
stpr_kt2_03,stpr3,,stpr_kt2,child,3,Thin-section description,,,,,,,,,,,,,,,,,,,,,,,,,,,,,,,,,,,,,,,,,,,,,
stpr_kt3,stpr3,stpr_profile11,,compound,0,Tower Prairie Horizon 3,7/26/2025,no,,"Iowa State University, Texas Tech University, Wagner Petrographic",,,,,"Lawrence, KS",39.05141,-95.19128,1090,34-54,,,,,,,,,,,,,,,,,,Btss1,,,"linear, linear",Loess over till,TBD,pressure faces; iron-manganese nodules; root sheaths; organoargillans; mixed rock fragments; slickensides,SBK; WG,,,,,,,
stpr_kt3_1,stpr3,,stpr_kt3,child,1,PPL image,,,,,,,,,,,,,,,,,,,,,,Image,,,,Image,,,,,,,,,,,,,,,,,,,
stpr_kt3_2,stpr3,,stpr_kt3,child,2,XPL image,,,,,,,,,,,,,,,,,,,,,,Image,,,,Image,,,,,,,,,,,,,,,,,,,
stpr_kt3_3,stpr3,,stpr_kt3,child,3,Thin-section description,,,,,,,,,,,,,,,,,,,,,,,,,,,,,,,,,,,,,,,,,,,,,
stpr_kt4,stpr3,stpr_profile11,,compound,0,Tower Prairie Horizon 4,7/26/2025,no,,"Iowa State University, Texas Tech University, Wagner Petrographic",,,,,"Lawrence, KS",39.05141,-95.19128,1090,54-70,,,,,,,,,,,,,,,,,,Btss2,,,"linear, linear",Loess over till,TBD,krotovina; slickensides; pressure faces; iron-manganese nodules; mixed rock fragments; organoargillans,SBK; WG,,,,,,,
stpr_kt4_01,stpr3,,stpr_kt4,child,1,PPL image,,,,,,,,,,,,,,,,,,,,,,Image,,,,Image,,,,,,,,,,,,,,,,,,,
stpr_kt4_02,stpr3,,stpr_kt4,child,2,XPL image,,,,,,,,,,,,,,,,,,,,,,Image,,,,Image,,,,,,,,,,,,,,,,,,,
stpr_kt4_03,stpr3,,stpr_kt4,child,3,Thin-section description,,,,,,,,,,,,,,,,,,,,,,,,,,,,,,,,,,,,,,,,,,,,,
stpr_kt5,stpr3,stpr_profile11,,compound,0,Tower Prairie Horizon 5,7/26/2025,no,,"Iowa State University, Texas Tech University, Wagner Petrographic",,,,,"Lawrence, KS",39.05141,-95.19128,1090,70-100+,,,,,,,,,,,,,,,,,,Btss3,,,"linear, linear",Loess over till,TBD,krotovina; slickensides; pressure faces; organoargillans,SBK; WG,,,,,,,
stpr_kt5_01,stpr3,,stpr_kt5,child,1,PPL image,,,,,,,,,,,,,,,,,,,,,,Image,,,,Image,,,,,,,,,,,,,,,,,,,
stpr_kt5_02,stpr3,,stpr_kt5,child,2,XPL image,,,,,,,,,,,,,,,,,,,,,,Image,,,,Image,,,,,,,,,,,,,,,,,,,
stpr_kt5_03,stpr3,,stpr_kt5,child,3,Thin-section description,,,,,,,,,,,,,,,,,,,,,,,,,,,,,,,,,,,,,,,,,,,,,