filename,object_location,image_small,image_thumb
210a.jpg,/objects/210a.jpg,/objects/small/210a_sm.jpg,/objects/thumbs/210a_th.jpg
210b.jpg,/objects/210b.jpg,/objects/small/210b_sm.jpg,/objects/thumbs/210b_th.jpg
Collembola_1_scalebar.jpg,/objects/Collembola_1_scalebar.jpg,/objects/small/collembola_1_scalebar_sm.jpg,/objects/thumbs/collembola_1_scalebar_th.jpg
Collembola_2_scalebar.jpg,/objects/Collembola_2_scalebar.jpg,/objects/small/collembola_2_scalebar_sm.jpg,/objects/thumbs/collembola_2_scalebar_th.jpg
Collembola_slide.jpg,/objects/Collembola_slide.jpg,/objects/small/collembola_slide_sm.jpg,/objects/thumbs/collembola_slide_th.jpg
Coming Soon.jpg,/objects/Coming Soon.jpg,/objects/small/coming soon_sm.jpg,/objects/thumbs/coming soon_th.jpg
Earthworm_1_scalebar.jpg,/objects/Earthworm_1_scalebar.jpg,/objects/small/earthworm_1_scalebar_sm.jpg,/objects/thumbs/earthworm_1_scalebar_th.jpg
Earthworm_2_scalebar.jpg,/objects/Earthworm_2_scalebar.jpg,/objects/small/earthworm_2_scalebar_sm.jpg,/objects/thumbs/earthworm_2_scalebar_th.jpg
Earthworm_slide.jpg,/objects/Earthworm_slide.jpg,/objects/small/earthworm_slide_sm.jpg,/objects/thumbs/earthworm_slide_th.jpg
Earthworm_slide2.jpg,/objects/Earthworm_slide2.jpg,/objects/small/earthworm_slide2_sm.jpg,/objects/thumbs/earthworm_slide2_th.jpg
Enchitraeids_1_scalebar.jpg,/objects/Enchitraeids_1_scalebar.jpg,/objects/small/enchitraeids_1_scalebar_sm.jpg,/objects/thumbs/enchitraeids_1_scalebar_th.jpg
Enchitraeids_2_scalebar.jpg,/objects/Enchitraeids_2_scalebar.jpg,/objects/small/enchitraeids_2_scalebar_sm.jpg,/objects/thumbs/enchitraeids_2_scalebar_th.jpg
Enchitraeids_slide.jpg,/objects/Enchitraeids_slide.jpg,/objects/small/enchitraeids_slide_sm.jpg,/objects/thumbs/enchitraeids_slide_th.jpg
Glomeris_1_scalebar.jpg,/objects/Glomeris_1_scalebar.jpg,/objects/small/glomeris_1_scalebar_sm.jpg,/objects/thumbs/glomeris_1_scalebar_th.jpg
Glomeris_2_scalebar.jpg,/objects/Glomeris_2_scalebar.jpg,/objects/small/glomeris_2_scalebar_sm.jpg,/objects/thumbs/glomeris_2_scalebar_th.jpg
Glomeris_slide.jpg,/objects/Glomeris_slide.jpg,/objects/small/glomeris_slide_sm.jpg,/objects/thumbs/glomeris_slide_th.jpg
Isopods_1_scalebar.jpg,/objects/Isopods_1_scalebar.jpg,/objects/small/isopods_1_scalebar_sm.jpg,/objects/thumbs/isopods_1_scalebar_th.jpg
Isopods_2_scalebar.jpg,/objects/Isopods_2_scalebar.jpg,/objects/small/isopods_2_scalebar_sm.jpg,/objects/thumbs/isopods_2_scalebar_th.jpg
Isopods_slide.jpg,/objects/Isopods_slide.jpg,/objects/small/isopods_slide_sm.jpg,/objects/thumbs/isopods_slide_th.jpg
Julidae_1_scalebar.jpg,/objects/Julidae_1_scalebar.jpg,/objects/small/julidae_1_scalebar_sm.jpg,/objects/thumbs/julidae_1_scalebar_th.jpg
Julidae_2_scalebar.jpg,/objects/Julidae_2_scalebar.jpg,/objects/small/julidae_2_scalebar_sm.jpg,/objects/thumbs/julidae_2_scalebar_th.jpg
Julidae_slide.jpg,/objects/Julidae_slide.jpg,/objects/small/julidae_slide_sm.jpg,/objects/thumbs/julidae_slide_th.jpg
Key.jpg,/objects/Key.jpg,/objects/small/key_sm.jpg,/objects/thumbs/key_th.jpg
Oribatida_1_scalebar.jpg,/objects/Oribatida_1_scalebar.jpg,/objects/small/oribatida_1_scalebar_sm.jpg,/objects/thumbs/oribatida_1_scalebar_th.jpg
Oribatida_2_scalebar.jpg,/objects/Oribatida_2_scalebar.jpg,/objects/small/oribatida_2_scalebar_sm.jpg,/objects/thumbs/oribatida_2_scalebar_th.jpg
Oribatida_3_scalebar.jpg,/objects/Oribatida_3_scalebar.jpg,/objects/small/oribatida_3_scalebar_sm.jpg,/objects/thumbs/oribatida_3_scalebar_th.jpg
Oribatida_slide.jpg,/objects/Oribatida_slide.jpg,/objects/small/oribatida_slide_sm.jpg,/objects/thumbs/oribatida_slide_th.jpg
Polidesmus_1_scalebar.jpg,/objects/Polidesmus_1_scalebar.jpg,/objects/small/polidesmus_1_scalebar_sm.jpg,/objects/thumbs/polidesmus_1_scalebar_th.jpg
Polidesmus_2_scalebar.jpg,/objects/Polidesmus_2_scalebar.jpg,/objects/small/polidesmus_2_scalebar_sm.jpg,/objects/thumbs/polidesmus_2_scalebar_th.jpg
Polidesmus_slide.jpg,/objects/Polidesmus_slide.jpg,/objects/small/polidesmus_slide_sm.jpg,/objects/thumbs/polidesmus_slide_th.jpg
another  inf (100x).png,/objects/another  inf (100x).png,/objects/small/another  inf (100x)_sm.jpg,/objects/thumbs/another  inf (100x)_th.jpg
another inf xpl.png,/objects/another inf xpl.png,/objects/small/another inf xpl_sm.jpg,/objects/thumbs/another inf xpl_th.jpg
clay infilling 100x.png,/objects/clay infilling 100x.png,/objects/small/clay infilling 100x_sm.jpg,/objects/thumbs/clay infilling 100x_th.jpg
demo_001.jpg,/objects/demo_001.jpg,/objects/small/demo_001_sm.jpg,/objects/thumbs/demo_001_th.jpg
demo_002.pdf,/objects/demo_002.pdf,/objects/small/demo_002_sm.jpg,/objects/thumbs/demo_002_th.jpg
demo_003.mp3,/objects/demo_003.mp3,,
demo_004.jpg,/objects/demo_004.jpg,/objects/small/demo_004_sm.jpg,/objects/thumbs/demo_004_th.jpg
demo_005.txt,/objects/demo_005.txt,,
demo_012.md,/objects/demo_012.md,,
hells_half_theta.jpg,/objects/hells_half_theta.jpg,/objects/small/hells_half_theta_sm.jpg,/objects/thumbs/hells_half_theta_th.jpg
hughes_article.png,/objects/hughes_article.png,/objects/small/hughes_article_sm.jpg,/objects/thumbs/hughes_article_th.jpg
infilling xpl.png,/objects/infilling xpl.png,/objects/small/infilling xpl_sm.jpg,/objects/thumbs/infilling xpl_th.jpg
intercalation 100x.png,/objects/intercalation 100x.png,/objects/small/intercalation 100x_sm.jpg,/objects/thumbs/intercalation 100x_th.jpg
more infillings (100x).png,/objects/more infillings (100x).png,/objects/small/more infillings (100x)_sm.jpg,/objects/thumbs/more infillings (100x)_th.jpg
more infillings xpl.png,/objects/more infillings xpl.png,/objects/small/more infillings xpl_sm.jpg,/objects/thumbs/more infillings xpl_th.jpg
redox 100x.png,/objects/redox 100x.png,/objects/small/redox 100x_sm.jpg,/objects/thumbs/redox 100x_th.jpg
